idx,condition,recall@1,ndcg@1,mrr@1,recall@5,ndcg@5,mrr@5,recall@10,ndcg@10,mrr@10,recall@20,ndcg@20,mrr@20
1,dis,0,0.0,0.0,1,0.5,0.3333333333333333,1,0.5,0.3333333333333333,1,0.5,0.3333333333333333
19,dis,0,0.0,0.0,0,0.0,0.0,0,0.0,0.0,0,0.0,0.0
35,dis,0,0.0,0.0,0,0.0,0.0,1,0.3562071871080222,0.16666666666666666,1,0.3562071871080222,0.16666666666666666
45,dis,0,0.0,0.0,1,0.6309297535714575,0.5,1,0.6309297535714575,0.5,1,0.6309297535714575,0.5
46,dis,0,0.0,0.0,1,0.43067655807339306,0.25,1,0.43067655807339306,0.25,1,0.43067655807339306,0.25
46,dis,0,0.0,0.0,1,0.43067655807339306,0.25,1,0.43067655807339306,0.25,1,0.43067655807339306,0.25
48,dis,0,0.0,0.0,0,0.0,0.0,0,0.0,0.0,0,0.0,0.0
50,dis,0,0.0,0.0,0,0.0,0.0,0,0.0,0.0,0,0.0,0.0
50,dis,0,0.0,0.0,0,0.0,0.0,0,0.0,0.0,0,0.0,0.0
53,dis,0,0.0,0.0,1,0.38685280723454163,0.2,1,0.38685280723454163,0.2,1,0.38685280723454163,0.2
58,dis,0,0.0,0.0,0,0.0,0.0,1,0.3333333333333333,0.14285714285714285,1,0.3333333333333333,0.14285714285714285
58,dis,0,0.0,0.0,0,0.0,0.0,1,0.3333333333333333,0.14285714285714285,1,0.3333333333333333,0.14285714285714285
70,dis,0,0.0,0.0,0,0.0,0.0,1,0.3333333333333333,0.14285714285714285,1,0.3333333333333333,0.14285714285714285
70,dis,0,0.0,0.0,0,0.0,0.0,1,0.3333333333333333,0.14285714285714285,1,0.3333333333333333,0.14285714285714285
73,dis,0,0.0,0.0,0,0.0,0.0,0,0.0,0.0,0,0.0,0.0
74,dis,0,0.0,0.0,0,0.0,0.0,1,0.3333333333333333,0.14285714285714285,1,0.3333333333333333,0.14285714285714285
84,dis,0,0.0,0.0,1,0.43067655807339306,0.25,1,0.43067655807339306,0.25,1,0.43067655807339306,0.25
86,dis,0,0.0,0.0,0,0.0,0.0,1,0.3562071871080222,0.16666666666666666,1,0.3562071871080222,0.16666666666666666
91,dis,0,0.0,0.0,1,0.43067655807339306,0.25,1,0.43067655807339306,0.25,1,0.43067655807339306,0.25
92,dis,0,0.0,0.0,1,0.5,0.3333333333333333,1,0.5,0.3333333333333333,1,0.5,0.3333333333333333
93,dis,0,0.0,0.0,1,0.38685280723454163,0.2,1,0.38685280723454163,0.2,1,0.38685280723454163,0.2
93,dis,0,0.0,0.0,0,0.0,0.0,1,0.3333333333333333,0.14285714285714285,1,0.3333333333333333,0.14285714285714285
94,dis,0,0.0,0.0,1,0.6309297535714575,0.5,1,0.6309297535714575,0.5,1,0.6309297535714575,0.5
95,dis,0,0.0,0.0,1,0.5,0.3333333333333333,1,0.5,0.3333333333333333,1,0.5,0.3333333333333333
96,dis,0,0.0,0.0,1,0.6309297535714575,0.5,1,0.6309297535714575,0.5,1,0.6309297535714575,0.5
96,dis,0,0.0,0.0,1,0.43067655807339306,0.25,1,0.43067655807339306,0.25,1,0.43067655807339306,0.25
96,dis,0,0.0,0.0,1,0.5,0.3333333333333333,1,0.5,0.3333333333333333,1,0.5,0.3333333333333333
109,dis,0,0.0,0.0,0,0.0,0.0,0,0.0,0.0,0,0.0,0.0
111,dis,0,0.0,0.0,0,0.0,0.0,0,0.0,0.0,0,0.0,0.0
112,dis,0,0.0,0.0,0,0.0,0.0,0,0.0,0.0,1,0.23540891336663824,0.05555555555555555
115,dis,1,1.0,1.0,1,1.0,1.0,1,1.0,1.0,1,1.0,1.0
126,dis,0,0.0,0.0,0,0.0,0.0,1,0.3333333333333333,0.14285714285714285,1,0.3333333333333333,0.14285714285714285
136,dis,0,0.0,0.0,1,0.5,0.3333333333333333,1,0.5,0.3333333333333333,1,0.5,0.3333333333333333
139,dis,0,0.0,0.0,1,0.43067655807339306,0.25,1,0.43067655807339306,0.25,1,0.43067655807339306,0.25
140,dis,0,0.0,0.0,0,0.0,0.0,1,0.3562071871080222,0.16666666666666666,1,0.3562071871080222,0.16666666666666666
149,dis,0,0.0,0.0,1,0.38685280723454163,0.2,1,0.38685280723454163,0.2,1,0.38685280723454163,0.2
151,dis,0,0.0,0.0,1,0.5,0.3333333333333333,1,0.5,0.3333333333333333,1,0.5,0.3333333333333333
152,dis,0,0.0,0.0,1,0.38685280723454163,0.2,1,0.38685280723454163,0.2,1,0.38685280723454163,0.2
152,dis,0,0.0,0.0,1,0.5,0.3333333333333333,1,0.5,0.3333333333333333,1,0.5,0.3333333333333333
155,dis,0,0.0,0.0,1,0.38685280723454163,0.2,1,0.38685280723454163,0.2,1,0.38685280723454163,0.2
155,dis,0,0.0,0.0,1,0.43067655807339306,0.25,1,0.43067655807339306,0.25,1,0.43067655807339306,0.25
164,dis,0,0.0,0.0,1,0.43067655807339306,0.25,1,0.43067655807339306,0.25,1,0.43067655807339306,0.25
181,dis,0,0.0,0.0,1,0.38685280723454163,0.2,1,0.38685280723454163,0.2,1,0.38685280723454163,0.2
181,dis,0,0.0,0.0,1,0.43067655807339306,0.25,1,0.43067655807339306,0.25,1,0.43067655807339306,0.25
182,dis,0,0.0,0.0,0,0.0,0.0,1,0.31546487678572877,0.125,1,0.31546487678572877,0.125
182,dis,0,0.0,0.0,1,0.43067655807339306,0.25,1,0.43067655807339306,0.25,1,0.43067655807339306,0.25
189,dis,0,0.0,0.0,1,0.43067655807339306,0.25,1,0.43067655807339306,0.25,1,0.43067655807339306,0.25
193,dis,0,0.0,0.0,0,0.0,0.0,0,0.0,0.0,0,0.0,0.0
194,dis,0,0.0,0.0,1,0.38685280723454163,0.2,1,0.38685280723454163,0.2,1,0.38685280723454163,0.2
195,dis,0,0.0,0.0,1,0.38685280723454163,0.2,1,0.38685280723454163,0.2,1,0.38685280723454163,0.2
206,dis,0,0.0,0.0,0,0.0,0.0,0,0.0,0.0,0,0.0,0.0
210,dis,0,0.0,0.0,0,0.0,0.0,1,0.3562071871080222,0.16666666666666666,1,0.3562071871080222,0.16666666666666666
216,dis,0,0.0,0.0,1,0.43067655807339306,0.25,1,0.43067655807339306,0.25,1,0.43067655807339306,0.25
216,dis,0,0.0,0.0,1,0.5,0.3333333333333333,1,0.5,0.3333333333333333,1,0.5,0.3333333333333333
218,dis,0,0.0,0.0,1,0.43067655807339306,0.25,1,0.43067655807339306,0.25,1,0.43067655807339306,0.25
221,dis,0,0.0,0.0,0,0.0,0.0,0,0.0,0.0,0,0.0,0.0
224,dis,0,0.0,0.0,0,0.0,0.0,1,0.3562071871080222,0.16666666666666666,1,0.3562071871080222,0.16666666666666666
255,dis,1,1.0,1.0,1,1.0,1.0,1,1.0,1.0,1,1.0,1.0
271,dis,0,0.0,0.0,1,0.5,0.3333333333333333,1,0.5,0.3333333333333333,1,0.5,0.3333333333333333
285,dis,0,0.0,0.0,1,0.6309297535714575,0.5,1,0.6309297535714575,0.5,1,0.6309297535714575,0.5
292,dis,0,0.0,0.0,1,0.38685280723454163,0.2,1,0.38685280723454163,0.2,1,0.38685280723454163,0.2
297,dis,0,0.0,0.0,1,0.6309297535714575,0.5,1,0.6309297535714575,0.5,1,0.6309297535714575,0.5
302,dis,1,1.0,1.0,1,1.0,1.0,1,1.0,1.0,1,1.0,1.0
316,dis,0,0.0,0.0,0,0.0,0.0,0,0.0,0.0,0,0.0,0.0
322,dis,0,0.0,0.0,0,0.0,0.0,0,0.0,0.0,0,0.0,0.0
332,dis,0,0.0,0.0,0,0.0,0.0,1,0.3562071871080222,0.16666666666666666,1,0.3562071871080222,0.16666666666666666
335,dis,0,0.0,0.0,1,0.5,0.3333333333333333,1,0.5,0.3333333333333333,1,0.5,0.3333333333333333
346,dis,0,0.0,0.0,0,0.0,0.0,1,0.3333333333333333,0.14285714285714285,1,0.3333333333333333,0.14285714285714285
346,dis,0,0.0,0.0,0,0.0,0.0,1,0.3562071871080222,0.16666666666666666,1,0.3562071871080222,0.16666666666666666
361,dis,0,0.0,0.0,1,0.38685280723454163,0.2,1,0.38685280723454163,0.2,1,0.38685280723454163,0.2
373,dis,0,0.0,0.0,0,0.0,0.0,0,0.0,0.0,0,0.0,0.0
377,dis,1,1.0,1.0,1,1.0,1.0,1,1.0,1.0,1,1.0,1.0
387,dis,0,0.0,0.0,1,0.38685280723454163,0.2,1,0.38685280723454163,0.2,1,0.38685280723454163,0.2
401,dis,0,0.0,0.0,0,0.0,0.0,0,0.0,0.0,0,0.0,0.0
403,dis,0,0.0,0.0,1,0.43067655807339306,0.25,1,0.43067655807339306,0.25,1,0.43067655807339306,0.25
415,dis,0,0.0,0.0,0,0.0,0.0,1,0.3562071871080222,0.16666666666666666,1,0.3562071871080222,0.16666666666666666
418,dis,0,0.0,0.0,0,0.0,0.0,1,0.3562071871080222,0.16666666666666666,1,0.3562071871080222,0.16666666666666666
423,dis,0,0.0,0.0,0,0.0,0.0,0,0.0,0.0,0,0.0,0.0
424,dis,0,0.0,0.0,1,0.38685280723454163,0.2,1,0.38685280723454163,0.2,1,0.38685280723454163,0.2
426,dis,0,0.0,0.0,0,0.0,0.0,1,0.3333333333333333,0.14285714285714285,1,0.3333333333333333,0.14285714285714285
437,dis,0,0.0,0.0,1,0.38685280723454163,0.2,1,0.38685280723454163,0.2,1,0.38685280723454163,0.2
481,dis,0,0.0,0.0,1,0.43067655807339306,0.25,1,0.43067655807339306,0.25,1,0.43067655807339306,0.25
490,dis,0,0.0,0.0,0,0.0,0.0,0,0.0,0.0,0,0.0,0.0
502,dis,1,1.0,1.0,1,1.0,1.0,1,1.0,1.0,1,1.0,1.0
508,dis,1,1.0,1.0,1,1.0,1.0,1,1.0,1.0,1,1.0,1.0
508,dis,0,0.0,0.0,1,0.5,0.3333333333333333,1,0.5,0.3333333333333333,1,0.5,0.3333333333333333
508,dis,0,0.0,0.0,1,0.6309297535714575,0.5,1,0.6309297535714575,0.5,1,0.6309297535714575,0.5
509,dis,0,0.0,0.0,1,0.38685280723454163,0.2,1,0.38685280723454163,0.2,1,0.38685280723454163,0.2
534,dis,0,0.0,0.0,0,0.0,0.0,0,0.0,0.0,0,0.0,0.0
536,dis,0,0.0,0.0,1,0.6309297535714575,0.5,1,0.6309297535714575,0.5,1,0.6309297535714575,0.5
537,dis,0,0.0,0.0,1,0.43067655807339306,0.25,1,0.43067655807339306,0.25,1,0.43067655807339306,0.25
539,dis,0,0.0,0.0,1,0.6309297535714575,0.5,1,0.6309297535714575,0.5,1,0.6309297535714575,0.5
544,dis,0,0.0,0.0,0,0.0,0.0,1,0.3333333333333333,0.14285714285714285,1,0.3333333333333333,0.14285714285714285
545,dis,0,0.0,0.0,0,0.0,0.0,1,0.3010299956639812,0.1111111111111111,1,0.3010299956639812,0.1111111111111111
572,dis,0,0.0,0.0,0,0.0,0.0,1,0.3562071871080222,0.16666666666666666,1,0.3562071871080222,0.16666666666666666
576,dis,0,0.0,0.0,1,0.43067655807339306,0.25,1,0.43067655807339306,0.25,1,0.43067655807339306,0.25
578,dis,0,0.0,0.0,0,0.0,0.0,1,0.3333333333333333,0.14285714285714285,1,0.3333333333333333,0.14285714285714285
583,dis,0,0.0,0.0,1,0.43067655807339306,0.25,1,0.43067655807339306,0.25,1,0.43067655807339306,0.25
583,dis,0,0.0,0.0,1,0.5,0.3333333333333333,1,0.5,0.3333333333333333,1,0.5,0.3333333333333333
587,dis,0,0.0,0.0,1,0.43067655807339306,0.25,1,0.43067655807339306,0.25,1,0.43067655807339306,0.25
628,dis,0,0.0,0.0,0,0.0,0.0,1,0.3562071871080222,0.16666666666666666,1,0.3562071871080222,0.16666666666666666
655,dis,0,0.0,0.0,0,0.0,0.0,0,0.0,0.0,0,0.0,0.0
668,dis,0,0.0,0.0,1,0.43067655807339306,0.25,1,0.43067655807339306,0.25,1,0.43067655807339306,0.25
671,dis,0,0.0,0.0,0,0.0,0.0,0,0.0,0.0,0,0.0,0.0
696,dis,1,1.0,1.0,1,1.0,1.0,1,1.0,1.0,1,1.0,1.0
704,dis,0,0.0,0.0,0,0.0,0.0,1,0.3333333333333333,0.14285714285714285,1,0.3333333333333333,0.14285714285714285
712,dis,0,0.0,0.0,0,0.0,0.0,0,0.0,0.0,0,0.0,0.0
734,dis,0,0.0,0.0,0,0.0,0.0,1,0.31546487678572877,0.125,1,0.31546487678572877,0.125
738,dis,0,0.0,0.0,1,0.43067655807339306,0.25,1,0.43067655807339306,0.25,1,0.43067655807339306,0.25
742,dis,0,0.0,0.0,0,0.0,0.0,0,0.0,0.0,0,0.0,0.0
745,dis,0,0.0,0.0,0,0.0,0.0,0,0.0,0.0,0,0.0,0.0
779,dis,0,0.0,0.0,1,0.38685280723454163,0.2,1,0.38685280723454163,0.2,1,0.38685280723454163,0.2
784,dis,0,0.0,0.0,1,0.38685280723454163,0.2,1,0.38685280723454163,0.2,1,0.38685280723454163,0.2
789,dis,0,0.0,0.0,1,0.5,0.3333333333333333,1,0.5,0.3333333333333333,1,0.5,0.3333333333333333
830,dis,1,1.0,1.0,1,1.0,1.0,1,1.0,1.0,1,1.0,1.0
855,dis,0,0.0,0.0,1,0.5,0.3333333333333333,1,0.5,0.3333333333333333,1,0.5,0.3333333333333333
869,dis,0,0.0,0.0,1,0.38685280723454163,0.2,1,0.38685280723454163,0.2,1,0.38685280723454163,0.2
874,dis,1,1.0,1.0,1,1.0,1.0,1,1.0,1.0,1,1.0,1.0
878,dis,0,0.0,0.0,0,0.0,0.0,0,0.0,0.0,0,0.0,0.0
881,dis,0,0.0,0.0,1,0.6309297535714575,0.5,1,0.6309297535714575,0.5,1,0.6309297535714575,0.5
895,dis,0,0.0,0.0,1,0.5,0.3333333333333333,1,0.5,0.3333333333333333,1,0.5,0.3333333333333333
918,dis,0,0.0,0.0,1,0.38685280723454163,0.2,1,0.38685280723454163,0.2,1,0.38685280723454163,0.2
929,dis,0,0.0,0.0,1,0.43067655807339306,0.25,1,0.43067655807339306,0.25,1,0.43067655807339306,0.25
954,dis,0,0.0,0.0,0,0.0,0.0,1,0.3333333333333333,0.14285714285714285,1,0.3333333333333333,0.14285714285714285
963,dis,0,0.0,0.0,1,0.43067655807339306,0.25,1,0.43067655807339306,0.25,1,0.43067655807339306,0.25
980,dis,0,0.0,0.0,0,0.0,0.0,1,0.3562071871080222,0.16666666666666666,1,0.3562071871080222,0.16666666666666666
980,dis,0,0.0,0.0,1,0.38685280723454163,0.2,1,0.38685280723454163,0.2,1,0.38685280723454163,0.2
980,dis,0,0.0,0.0,1,0.43067655807339306,0.25,1,0.43067655807339306,0.25,1,0.43067655807339306,0.25
996,dis,1,1.0,1.0,1,1.0,1.0,1,1.0,1.0,1,1.0,1.0
1014,dis,0,0.0,0.0,1,0.5,0.3333333333333333,1,0.5,0.3333333333333333,1,0.5,0.3333333333333333
1016,dis,0,0.0,0.0,0,0.0,0.0,1,0.3562071871080222,0.16666666666666666,1,0.3562071871080222,0.16666666666666666
1034,dis,1,1.0,1.0,1,1.0,1.0,1,1.0,1.0,1,1.0,1.0
1036,dis,0,0.0,0.0,0,0.0,0.0,0,0.0,0.0,0,0.0,0.0
1038,dis,0,0.0,0.0,0,0.0,0.0,1,0.3562071871080222,0.16666666666666666,1,0.3562071871080222,0.16666666666666666
1040,dis,0,0.0,0.0,0,0.0,0.0,0,0.0,0.0,1,0.27023815442731974,0.08333333333333333
1042,dis,0,0.0,0.0,1,0.38685280723454163,0.2,1,0.38685280723454163,0.2,1,0.38685280723454163,0.2
1049,dis,0,0.0,0.0,1,0.43067655807339306,0.25,1,0.43067655807339306,0.25,1,0.43067655807339306,0.25
1050,dis,1,1.0,1.0,1,1.0,1.0,1,1.0,1.0,1,1.0,1.0
1051,dis,0,0.0,0.0,1,0.43067655807339306,0.25,1,0.43067655807339306,0.25,1,0.43067655807339306,0.25
1056,dis,0,0.0,0.0,0,0.0,0.0,1,0.3562071871080222,0.16666666666666666,1,0.3562071871080222,0.16666666666666666
1057,dis,0,0.0,0.0,1,0.43067655807339306,0.25,1,0.43067655807339306,0.25,1,0.43067655807339306,0.25
1058,dis,1,1.0,1.0,1,1.0,1.0,1,1.0,1.0,1,1.0,1.0
1060,dis,0,0.0,0.0,1,0.5,0.3333333333333333,1,0.5,0.3333333333333333,1,0.5,0.3333333333333333
1065,dis,0,0.0,0.0,1,0.6309297535714575,0.5,1,0.6309297535714575,0.5,1,0.6309297535714575,0.5
1072,dis,0,0.0,0.0,0,0.0,0.0,0,0.0,0.0,0,0.0,0.0
1083,dis,0,0.0,0.0,0,0.0,0.0,1,0.3333333333333333,0.14285714285714285,1,0.3333333333333333,0.14285714285714285
1087,dis,0,0.0,0.0,0,0.0,0.0,0,0.0,0.0,0,0.0,0.0
1089,dis,1,1.0,1.0,1,1.0,1.0,1,1.0,1.0,1,1.0,1.0
1090,dis,0,0.0,0.0,0,0.0,0.0,0,0.0,0.0,0,0.0,0.0
1091,dis,0,0.0,0.0,1,0.6309297535714575,0.5,1,0.6309297535714575,0.5,1,0.6309297535714575,0.5
1092,dis,0,0.0,0.0,1,0.5,0.3333333333333333,1,0.5,0.3333333333333333,1,0.5,0.3333333333333333
1093,dis,0,0.0,0.0,1,0.38685280723454163,0.2,1,0.38685280723454163,0.2,1,0.38685280723454163,0.2
1094,dis,0,0.0,0.0,1,0.43067655807339306,0.25,1,0.43067655807339306,0.25,1,0.43067655807339306,0.25
1094,dis,0,0.0,0.0,1,0.5,0.3333333333333333,1,0.5,0.3333333333333333,1,0.5,0.3333333333333333
1121,dis,0,0.0,0.0,1,0.38685280723454163,0.2,1,0.38685280723454163,0.2,1,0.38685280723454163,0.2
1122,dis,0,0.0,0.0,0,0.0,0.0,1,0.3010299956639812,0.1111111111111111,1,0.3010299956639812,0.1111111111111111
1125,dis,0,0.0,0.0,0,0.0,0.0,1,0.31546487678572877,0.125,1,0.31546487678572877,0.125
1129,dis,0,0.0,0.0,0,0.0,0.0,0,0.0,0.0,0,0.0,0.0
1129,dis,0,0.0,0.0,0,0.0,0.0,0,0.0,0.0,0,0.0,0.0
1131,dis,0,0.0,0.0,1,0.6309297535714575,0.5,1,0.6309297535714575,0.5,1,0.6309297535714575,0.5
1132,dis,0,0.0,0.0,1,0.43067655807339306,0.25,1,0.43067655807339306,0.25,1,0.43067655807339306,0.25
1142,dis,0,0.0,0.0,0,0.0,0.0,0,0.0,0.0,0,0.0,0.0
1144,dis,0,0.0,0.0,0,0.0,0.0,0,0.0,0.0,0,0.0,0.0
1159,dis,0,0.0,0.0,0,0.0,0.0,0,0.0,0.0,0,0.0,0.0
1162,dis,0,0.0,0.0,1,0.5,0.3333333333333333,1,0.5,0.3333333333333333,1,0.5,0.3333333333333333
1163,dis,0,0.0,0.0,0,0.0,0.0,0,0.0,0.0,0,0.0,0.0
1194,dis,0,0.0,0.0,0,0.0,0.0,0,0.0,0.0,0,0.0,0.0
1196,dis,0,0.0,0.0,0,0.0,0.0,0,0.0,0.0,0,0.0,0.0
1200,dis,0,0.0,0.0,0,0.0,0.0,0,0.0,0.0,0,0.0,0.0
1226,dis,0,0.0,0.0,0,0.0,0.0,1,0.3562071871080222,0.16666666666666666,1,0.3562071871080222,0.16666666666666666
1233,dis,0,0.0,0.0,0,0.0,0.0,0,0.0,0.0,0,0.0,0.0
1255,dis,0,0.0,0.0,0,0.0,0.0,0,0.0,0.0,0,0.0,0.0
1257,dis,0,0.0,0.0,0,0.0,0.0,0,0.0,0.0,0,0.0,0.0
1263,dis,0,0.0,0.0,1,0.43067655807339306,0.25,1,0.43067655807339306,0.25,1,0.43067655807339306,0.25
1267,dis,0,0.0,0.0,1,0.43067655807339306,0.25,1,0.43067655807339306,0.25,1,0.43067655807339306,0.25
1268,dis,0,0.0,0.0,1,0.38685280723454163,0.2,1,0.38685280723454163,0.2,1,0.38685280723454163,0.2
1283,dis,0,0.0,0.0,1,0.38685280723454163,0.2,1,0.38685280723454163,0.2,1,0.38685280723454163,0.2
1300,dis,0,0.0,0.0,1,0.43067655807339306,0.25,1,0.43067655807339306,0.25,1,0.43067655807339306,0.25
1306,dis,0,0.0,0.0,0,0.0,0.0,1,0.2890648263178879,0.1,1,0.2890648263178879,0.1
1309,dis,0,0.0,0.0,1,0.43067655807339306,0.25,1,0.43067655807339306,0.25,1,0.43067655807339306,0.25
1325,dis,0,0.0,0.0,0,0.0,0.0,0,0.0,0.0,0,0.0,0.0
1361,dis,0,0.0,0.0,0,0.0,0.0,1,0.2890648263178879,0.1,1,0.2890648263178879,0.1
1364,dis,0,0.0,0.0,1,0.38685280723454163,0.2,1,0.38685280723454163,0.2,1,0.38685280723454163,0.2
1368,dis,0,0.0,0.0,0,0.0,0.0,1,0.3333333333333333,0.14285714285714285,1,0.3333333333333333,0.14285714285714285
1421,dis,0,0.0,0.0,0,0.0,0.0,0,0.0,0.0,0,0.0,0.0
1433,dis,0,0.0,0.0,1,0.38685280723454163,0.2,1,0.38685280723454163,0.2,1,0.38685280723454163,0.2
1434,dis,1,1.0,1.0,1,1.0,1.0,1,1.0,1.0,1,1.0,1.0
1463,dis,1,1.0,1.0,1,1.0,1.0,1,1.0,1.0,1,1.0,1.0
1468,dis,0,0.0,0.0,1,0.5,0.3333333333333333,1,0.5,0.3333333333333333,1,0.5,0.3333333333333333
1491,dis,0,0.0,0.0,0,0.0,0.0,0,0.0,0.0,0,0.0,0.0
1509,dis,0,0.0,0.0,1,0.43067655807339306,0.25,1,0.43067655807339306,0.25,1,0.43067655807339306,0.25
1515,dis,0,0.0,0.0,0,0.0,0.0,0,0.0,0.0,0,0.0,0.0
1520,dis,1,1.0,1.0,1,1.0,1.0,1,1.0,1.0,1,1.0,1.0
1541,dis,0,0.0,0.0,1,0.38685280723454163,0.2,1,0.38685280723454163,0.2,1,0.38685280723454163,0.2
1545,dis,0,0.0,0.0,1,0.43067655807339306,0.25,1,0.43067655807339306,0.25,1,0.43067655807339306,0.25
1579,dis,1,1.0,1.0,1,1.0,1.0,1,1.0,1.0,1,1.0,1.0
1584,dis,1,1.0,1.0,1,1.0,1.0,1,1.0,1.0,1,1.0,1.0
1590,dis,0,0.0,0.0,0,0.0,0.0,0,0.0,0.0,0,0.0,0.0
1591,dis,0,0.0,0.0,1,0.5,0.3333333333333333,1,0.5,0.3333333333333333,1,0.5,0.3333333333333333
1591,dis,0,0.0,0.0,1,0.43067655807339306,0.25,1,0.43067655807339306,0.25,1,0.43067655807339306,0.25
1591,dis,0,0.0,0.0,1,0.38685280723454163,0.2,1,0.38685280723454163,0.2,1,0.38685280723454163,0.2
1591,dis,0,0.0,0.0,0,0.0,0.0,1,0.3562071871080222,0.16666666666666666,1,0.3562071871080222,0.16666666666666666
1592,dis,0,0.0,0.0,0,0.0,0.0,0,0.0,0.0,0,0.0,0.0
1592,dis,0,0.0,0.0,0,0.0,0.0,0,0.0,0.0,1,0.27894294565112987,0.09090909090909091
1599,dis,0,0.0,0.0,0,0.0,0.0,0,0.0,0.0,0,0.0,0.0
1601,dis,0,0.0,0.0,0,0.0,0.0,0,0.0,0.0,0,0.0,0.0
1635,dis,0,0.0,0.0,1,0.5,0.3333333333333333,1,0.5,0.3333333333333333,1,0.5,0.3333333333333333
1638,dis,0,0.0,0.0,1,0.38685280723454163,0.2,1,0.38685280723454163,0.2,1,0.38685280723454163,0.2
1638,dis,0,0.0,0.0,0,0.0,0.0,1,0.3562071871080222,0.16666666666666666,1,0.3562071871080222,0.16666666666666666
1647,dis,1,1.0,1.0,1,1.0,1.0,1,1.0,1.0,1,1.0,1.0
1650,dis,0,0.0,0.0,1,0.38685280723454163,0.2,1,0.38685280723454163,0.2,1,0.38685280723454163,0.2
1653,dis,0,0.0,0.0,1,0.5,0.3333333333333333,1,0.5,0.3333333333333333,1,0.5,0.3333333333333333
1654,dis,0,0.0,0.0,1,0.43067655807339306,0.25,1,0.43067655807339306,0.25,1,0.43067655807339306,0.25
1655,dis,0,0.0,0.0,1,0.5,0.3333333333333333,1,0.5,0.3333333333333333,1,0.5,0.3333333333333333
1656,dis,1,1.0,1.0,1,1.0,1.0,1,1.0,1.0,1,1.0,1.0
1657,dis,0,0.0,0.0,1,0.6309297535714575,0.5,1,0.6309297535714575,0.5,1,0.6309297535714575,0.5
1658,dis,0,0.0,0.0,0,0.0,0.0,0,0.0,0.0,1,0.23540891336663824,0.05555555555555555
1686,dis,0,0.0,0.0,0,0.0,0.0,0,0.0,0.0,0,0.0,0.0
1686,dis,0,0.0,0.0,0,0.0,0.0,0,0.0,0.0,0,0.0,0.0
1687,dis,0,0.0,0.0,0,0.0,0.0,0,0.0,0.0,0,0.0,0.0
1693,dis,0,0.0,0.0,1,0.6309297535714575,0.5,1,0.6309297535714575,0.5,1,0.6309297535714575,0.5
1747,dis,0,0.0,0.0,0,0.0,0.0,0,0.0,0.0,0,0.0,0.0
1748,dis,0,0.0,0.0,0,0.0,0.0,0,0.0,0.0,0,0.0,0.0
1753,dis,1,1.0,1.0,1,1.0,1.0,1,1.0,1.0,1,1.0,1.0
1754,dis,0,0.0,0.0,0,0.0,0.0,0,0.0,0.0,0,0.0,0.0
1756,dis,0,0.0,0.0,1,0.38685280723454163,0.2,1,0.38685280723454163,0.2,1,0.38685280723454163,0.2
1756,dis,0,0.0,0.0,1,0.43067655807339306,0.25,1,0.43067655807339306,0.25,1,0.43067655807339306,0.25
1759,dis,0,0.0,0.0,0,0.0,0.0,0,0.0,0.0,0,0.0,0.0
1759,dis,0,0.0,0.0,0,0.0,0.0,0,0.0,0.0,0,0.0,0.0
1763,dis,0,0.0,0.0,0,0.0,0.0,1,0.3562071871080222,0.16666666666666666,1,0.3562071871080222,0.16666666666666666
1764,dis,0,0.0,0.0,1,0.43067655807339306,0.25,1,0.43067655807339306,0.25,1,0.43067655807339306,0.25
1798,dis,0,0.0,0.0,0,0.0,0.0,1,0.3562071871080222,0.16666666666666666,1,0.3562071871080222,0.16666666666666666
1821,dis,0,0.0,0.0,1,0.38685280723454163,0.2,1,0.38685280723454163,0.2,1,0.38685280723454163,0.2
1821,dis,0,0.0,0.0,0,0.0,0.0,1,0.3562071871080222,0.16666666666666666,1,0.3562071871080222,0.16666666666666666
1834,dis,0,0.0,0.0,0,0.0,0.0,0,0.0,0.0,0,0.0,0.0
1845,dis,0,0.0,0.0,1,0.43067655807339306,0.25,1,0.43067655807339306,0.25,1,0.43067655807339306,0.25
1848,dis,1,1.0,1.0,1,1.0,1.0,1,1.0,1.0,1,1.0,1.0
1859,dis,0,0.0,0.0,1,0.43067655807339306,0.25,1,0.43067655807339306,0.25,1,0.43067655807339306,0.25
1881,dis,0,0.0,0.0,0,0.0,0.0,0,0.0,0.0,0,0.0,0.0
1887,dis,0,0.0,0.0,0,0.0,0.0,0,0.0,0.0,0,0.0,0.0
1902,dis,0,0.0,0.0,0,0.0,0.0,0,0.0,0.0,0,0.0,0.0
1902,dis,0,0.0,0.0,1,0.6309297535714575,0.5,1,0.6309297535714575,0.5,1,0.6309297535714575,0.5
1904,dis,0,0.0,0.0,1,0.5,0.3333333333333333,1,0.5,0.3333333333333333,1,0.5,0.3333333333333333
1924,dis,0,0.0,0.0,1,0.43067655807339306,0.25,1,0.43067655807339306,0.25,1,0.43067655807339306,0.25
1982,dis,0,0.0,0.0,0,0.0,0.0,0,0.0,0.0,0,0.0,0.0
1985,dis,0,0.0,0.0,1,0.6309297535714575,0.5,1,0.6309297535714575,0.5,1,0.6309297535714575,0.5
1994,dis,0,0.0,0.0,0,0.0,0.0,0,0.0,0.0,0,0.0,0.0
1996,dis,0,0.0,0.0,0,0.0,0.0,1,0.31546487678572877,0.125,1,0.31546487678572877,0.125
1996,dis,0,0.0,0.0,0,0.0,0.0,1,0.3010299956639812,0.1111111111111111,1,0.3010299956639812,0.1111111111111111
2000,dis,0,0.0,0.0,1,0.43067655807339306,0.25,1,0.43067655807339306,0.25,1,0.43067655807339306,0.25
2002,dis,0,0.0,0.0,1,0.38685280723454163,0.2,1,0.38685280723454163,0.2,1,0.38685280723454163,0.2
2006,dis,0,0.0,0.0,1,0.38685280723454163,0.2,1,0.38685280723454163,0.2,1,0.38685280723454163,0.2
2007,dis,0,0.0,0.0,1,0.38685280723454163,0.2,1,0.38685280723454163,0.2,1,0.38685280723454163,0.2
2009,dis,0,0.0,0.0,0,0.0,0.0,1,0.3010299956639812,0.1111111111111111,1,0.3010299956639812,0.1111111111111111
2010,dis,0,0.0,0.0,0,0.0,0.0,0,0.0,0.0,1,0.27894294565112987,0.09090909090909091
2016,dis,0,0.0,0.0,0,0.0,0.0,1,0.3562071871080222,0.16666666666666666,1,0.3562071871080222,0.16666666666666666
2019,dis,1,1.0,1.0,1,1.0,1.0,1,1.0,1.0,1,1.0,1.0
2020,dis,0,0.0,0.0,0,0.0,0.0,0,0.0,0.0,0,0.0,0.0
2030,dis,0,0.0,0.0,1,0.5,0.3333333333333333,1,0.5,0.3333333333333333,1,0.5,0.3333333333333333
2044,dis,0,0.0,0.0,1,0.43067655807339306,0.25,1,0.43067655807339306,0.25,1,0.43067655807339306,0.25
2051,dis,0,0.0,0.0,0,0.0,0.0,0,0.0,0.0,1,0.27894294565112987,0.09090909090909091
2053,dis,0,0.0,0.0,0,0.0,0.0,0,0.0,0.0,0,0.0,0.0
2061,dis,0,0.0,0.0,1,0.6309297535714575,0.5,1,0.6309297535714575,0.5,1,0.6309297535714575,0.5
2062,dis,0,0.0,0.0,0,0.0,0.0,0,0.0,0.0,0,0.0,0.0
2063,dis,0,0.0,0.0,1,0.5,0.3333333333333333,1,0.5,0.3333333333333333,1,0.5,0.3333333333333333
2069,dis,0,0.0,0.0,0,0.0,0.0,1,0.3562071871080222,0.16666666666666666,1,0.3562071871080222,0.16666666666666666
2073,dis,1,1.0,1.0,1,1.0,1.0,1,1.0,1.0,1,1.0,1.0
2086,dis,0,0.0,0.0,1,0.43067655807339306,0.25,1,0.43067655807339306,0.25,1,0.43067655807339306,0.25
2100,dis,0,0.0,0.0,0,0.0,0.0,1,0.3010299956639812,0.1111111111111111,1,0.3010299956639812,0.1111111111111111
2132,dis,1,1.0,1.0,1,1.0,1.0,1,1.0,1.0,1,1.0,1.0
2135,dis,0,0.0,0.0,1,0.38685280723454163,0.2,1,0.38685280723454163,0.2,1,0.38685280723454163,0.2
2138,dis,0,0.0,0.0,0,0.0,0.0,1,0.3562071871080222,0.16666666666666666,1,0.3562071871080222,0.16666666666666666
2142,dis,0,0.0,0.0,0,0.0,0.0,1,0.3562071871080222,0.16666666666666666,1,0.3562071871080222,0.16666666666666666
2144,dis,0,0.0,0.0,0,0.0,0.0,1,0.3333333333333333,0.14285714285714285,1,0.3333333333333333,0.14285714285714285
2172,dis,0,0.0,0.0,0,0.0,0.0,1,0.3562071871080222,0.16666666666666666,1,0.3562071871080222,0.16666666666666666
2172,dis,0,0.0,0.0,1,0.38685280723454163,0.2,1,0.38685280723454163,0.2,1,0.38685280723454163,0.2
2176,dis,1,1.0,1.0,1,1.0,1.0,1,1.0,1.0,1,1.0,1.0
2177,dis,0,0.0,0.0,0,0.0,0.0,1,0.3333333333333333,0.14285714285714285,1,0.3333333333333333,0.14285714285714285
2193,dis,0,0.0,0.0,0,0.0,0.0,1,0.3333333333333333,0.14285714285714285,1,0.3333333333333333,0.14285714285714285
2193,dis,0,0.0,0.0,0,0.0,0.0,1,0.3562071871080222,0.16666666666666666,1,0.3562071871080222,0.16666666666666666
2195,dis,0,0.0,0.0,0,0.0,0.0,1,0.3333333333333333,0.14285714285714285,1,0.3333333333333333,0.14285714285714285
2196,dis,0,0.0,0.0,1,0.38685280723454163,0.2,1,0.38685280723454163,0.2,1,0.38685280723454163,0.2
2202,dis,0,0.0,0.0,0,0.0,0.0,0,0.0,0.0,0,0.0,0.0
2216,dis,0,0.0,0.0,0,0.0,0.0,1,0.2890648263178879,0.1,1,0.2890648263178879,0.1
2224,dis,0,0.0,0.0,0,0.0,0.0,1,0.3010299956639812,0.1111111111111111,1,0.3010299956639812,0.1111111111111111
2242,dis,0,0.0,0.0,0,0.0,0.0,1,0.3562071871080222,0.16666666666666666,1,0.3562071871080222,0.16666666666666666
2243,dis,0,0.0,0.0,0,0.0,0.0,1,0.3562071871080222,0.16666666666666666,1,0.3562071871080222,0.16666666666666666
2254,dis,0,0.0,0.0,1,0.43067655807339306,0.25,1,0.43067655807339306,0.25,1,0.43067655807339306,0.25
2268,dis,0,0.0,0.0,0,0.0,0.0,0,0.0,0.0,0,0.0,0.0
2273,dis,0,0.0,0.0,1,0.5,0.3333333333333333,1,0.5,0.3333333333333333,1,0.5,0.3333333333333333
2294,dis,0,0.0,0.0,0,0.0,0.0,1,0.3333333333333333,0.14285714285714285,1,0.3333333333333333,0.14285714285714285
2300,dis,0,0.0,0.0,0,0.0,0.0,0,0.0,0.0,0,0.0,0.0
2301,dis,0,0.0,0.0,0,0.0,0.0,0,0.0,0.0,0,0.0,0.0
2303,dis,0,0.0,0.0,1,0.43067655807339306,0.25,1,0.43067655807339306,0.25,1,0.43067655807339306,0.25
2310,dis,0,0.0,0.0,0,0.0,0.0,0,0.0,0.0,0,0.0,0.0
2314,dis,0,0.0,0.0,0,0.0,0.0,0,0.0,0.0,0,0.0,0.0
2325,dis,0,0.0,0.0,0,0.0,0.0,1,0.3562071871080222,0.16666666666666666,1,0.3562071871080222,0.16666666666666666
2327,dis,0,0.0,0.0,1,0.43067655807339306,0.25,1,0.43067655807339306,0.25,1,0.43067655807339306,0.25
2339,dis,0,0.0,0.0,1,0.38685280723454163,0.2,1,0.38685280723454163,0.2,1,0.38685280723454163,0.2
2351,dis,0,0.0,0.0,0,0.0,0.0,0,0.0,0.0,0,0.0,0.0
2371,dis,0,0.0,0.0,1,0.6309297535714575,0.5,1,0.6309297535714575,0.5,1,0.6309297535714575,0.5
2383,dis,1,1.0,1.0,1,1.0,1.0,1,1.0,1.0,1,1.0,1.0
2387,dis,0,0.0,0.0,1,0.6309297535714575,0.5,1,0.6309297535714575,0.5,1,0.6309297535714575,0.5
2388,dis,0,0.0,0.0,1,0.38685280723454163,0.2,1,0.38685280723454163,0.2,1,0.38685280723454163,0.2
2408,dis,0,0.0,0.0,1,0.38685280723454163,0.2,1,0.38685280723454163,0.2,1,0.38685280723454163,0.2
2408,dis,0,0.0,0.0,1,0.38685280723454163,0.2,1,0.38685280723454163,0.2,1,0.38685280723454163,0.2
2417,dis,0,0.0,0.0,0,0.0,0.0,1,0.3562071871080222,0.16666666666666666,1,0.3562071871080222,0.16666666666666666
2430,dis,0,0.0,0.0,1,0.5,0.3333333333333333,1,0.5,0.3333333333333333,1,0.5,0.3333333333333333
2433,dis,0,0.0,0.0,1,0.6309297535714575,0.5,1,0.6309297535714575,0.5,1,0.6309297535714575,0.5
2433,dis,1,1.0,1.0,1,1.0,1.0,1,1.0,1.0,1,1.0,1.0
2439,dis,0,0.0,0.0,1,0.43067655807339306,0.25,1,0.43067655807339306,0.25,1,0.43067655807339306,0.25
2466,dis,0,0.0,0.0,1,0.43067655807339306,0.25,1,0.43067655807339306,0.25,1,0.43067655807339306,0.25
2473,dis,0,0.0,0.0,0,0.0,0.0,0,0.0,0.0,0,0.0,0.0
2485,dis,0,0.0,0.0,0,0.0,0.0,0,0.0,0.0,0,0.0,0.0
2495,dis,0,0.0,0.0,0,0.0,0.0,0,0.0,0.0,0,0.0,0.0
2516,dis,0,0.0,0.0,0,0.0,0.0,0,0.0,0.0,0,0.0,0.0
2524,dis,0,0.0,0.0,0,0.0,0.0,0,0.0,0.0,0,0.0,0.0
2532,dis,0,0.0,0.0,0,0.0,0.0,1,0.3562071871080222,0.16666666666666666,1,0.3562071871080222,0.16666666666666666
2538,dis,0,0.0,0.0,0,0.0,0.0,1,0.2890648263178879,0.1,1,0.2890648263178879,0.1
2554,dis,0,0.0,0.0,1,0.38685280723454163,0.2,1,0.38685280723454163,0.2,1,0.38685280723454163,0.2
2554,dis,0,0.0,0.0,0,0.0,0.0,1,0.3562071871080222,0.16666666666666666,1,0.3562071871080222,0.16666666666666666
2557,dis,0,0.0,0.0,0,0.0,0.0,1,0.3562071871080222,0.16666666666666666,1,0.3562071871080222,0.16666666666666666
2558,dis,0,0.0,0.0,1,0.5,0.3333333333333333,1,0.5,0.3333333333333333,1,0.5,0.3333333333333333
2562,dis,0,0.0,0.0,1,0.38685280723454163,0.2,1,0.38685280723454163,0.2,1,0.38685280723454163,0.2
2574,dis,0,0.0,0.0,0,0.0,0.0,1,0.3562071871080222,0.16666666666666666,1,0.3562071871080222,0.16666666666666666
2575,dis,0,0.0,0.0,1,0.38685280723454163,0.2,1,0.38685280723454163,0.2,1,0.38685280723454163,0.2
2576,dis,0,0.0,0.0,0,0.0,0.0,1,0.3333333333333333,0.14285714285714285,1,0.3333333333333333,0.14285714285714285
2576,dis,0,0.0,0.0,0,0.0,0.0,1,0.31546487678572877,0.125,1,0.31546487678572877,0.125
2579,dis,0,0.0,0.0,0,0.0,0.0,0,0.0,0.0,0,0.0,0.0
2582,dis,0,0.0,0.0,1,0.6309297535714575,0.5,1,0.6309297535714575,0.5,1,0.6309297535714575,0.5
2596,dis,0,0.0,0.0,1,0.5,0.3333333333333333,1,0.5,0.3333333333333333,1,0.5,0.3333333333333333
2598,dis,1,1.0,1.0,1,1.0,1.0,1,1.0,1.0,1,1.0,1.0
2600,dis,0,0.0,0.0,1,0.6309297535714575,0.5,1,0.6309297535714575,0.5,1,0.6309297535714575,0.5
2601,dis,0,0.0,0.0,0,0.0,0.0,0,0.0,0.0,0,0.0,0.0
2623,dis,0,0.0,0.0,0,0.0,0.0,0,0.0,0.0,0,0.0,0.0
2657,dis,0,0.0,0.0,0,0.0,0.0,0,0.0,0.0,0,0.0,0.0
2659,dis,0,0.0,0.0,1,0.43067655807339306,0.25,1,0.43067655807339306,0.25,1,0.43067655807339306,0.25
2660,dis,0,0.0,0.0,1,0.43067655807339306,0.25,1,0.43067655807339306,0.25,1,0.43067655807339306,0.25
2662,dis,0,0.0,0.0,0,0.0,0.0,1,0.3562071871080222,0.16666666666666666,1,0.3562071871080222,0.16666666666666666
2663,dis,0,0.0,0.0,1,0.5,0.3333333333333333,1,0.5,0.3333333333333333,1,0.5,0.3333333333333333
2667,dis,0,0.0,0.0,0,0.0,0.0,1,0.2890648263178879,0.1,1,0.2890648263178879,0.1
2668,dis,0,0.0,0.0,0,0.0,0.0,1,0.31546487678572877,0.125,1,0.31546487678572877,0.125
2670,dis,0,0.0,0.0,0,0.0,0.0,0,0.0,0.0,0,0.0,0.0
2676,dis,0,0.0,0.0,0,0.0,0.0,1,0.3333333333333333,0.14285714285714285,1,0.3333333333333333,0.14285714285714285
2682,dis,0,0.0,0.0,1,0.43067655807339306,0.25,1,0.43067655807339306,0.25,1,0.43067655807339306,0.25
2683,dis,0,0.0,0.0,0,0.0,0.0,1,0.3562071871080222,0.16666666666666666,1,0.3562071871080222,0.16666666666666666
2684,dis,0,0.0,0.0,0,0.0,0.0,1,0.31546487678572877,0.125,1,0.31546487678572877,0.125
2684,dis,0,0.0,0.0,0,0.0,0.0,1,0.3333333333333333,0.14285714285714285,1,0.3333333333333333,0.14285714285714285
2692,dis,0,0.0,0.0,0,0.0,0.0,1,0.31546487678572877,0.125,1,0.31546487678572877,0.125
2695,dis,0,0.0,0.0,1,0.5,0.3333333333333333,1,0.5,0.3333333333333333,1,0.5,0.3333333333333333
2695,dis,1,1.0,1.0,1,1.0,1.0,1,1.0,1.0,1,1.0,1.0
2697,dis,0,0.0,0.0,0,0.0,0.0,1,0.3333333333333333,0.14285714285714285,1,0.3333333333333333,0.14285714285714285
2703,dis,0,0.0,0.0,1,0.38685280723454163,0.2,1,0.38685280723454163,0.2,1,0.38685280723454163,0.2
2704,dis,0,0.0,0.0,1,0.43067655807339306,0.25,1,0.43067655807339306,0.25,1,0.43067655807339306,0.25
2707,dis,0,0.0,0.0,1,0.5,0.3333333333333333,1,0.5,0.3333333333333333,1,0.5,0.3333333333333333
2719,dis,0,0.0,0.0,0,0.0,0.0,0,0.0,0.0,0,0.0,0.0
2721,dis,0,0.0,0.0,0,0.0,0.0,1,0.2890648263178879,0.1,1,0.2890648263178879,0.1
2723,dis,0,0.0,0.0,0,0.0,0.0,0,0.0,0.0,0,0.0,0.0
2727,dis,1,1.0,1.0,1,1.0,1.0,1,1.0,1.0,1,1.0,1.0
2729,dis,0,0.0,0.0,1,0.5,0.3333333333333333,1,0.5,0.3333333333333333,1,0.5,0.3333333333333333
2735,dis,0,0.0,0.0,0,0.0,0.0,1,0.3562071871080222,0.16666666666666666,1,0.3562071871080222,0.16666666666666666
2744,dis,0,0.0,0.0,1,0.38685280723454163,0.2,1,0.38685280723454163,0.2,1,0.38685280723454163,0.2
2744,dis,0,0.0,0.0,0,0.0,0.0,1,0.3010299956639812,0.1111111111111111,1,0.3010299956639812,0.1111111111111111
2756,dis,0,0.0,0.0,1,0.6309297535714575,0.5,1,0.6309297535714575,0.5,1,0.6309297535714575,0.5
2762,dis,0,0.0,0.0,0,0.0,0.0,1,0.3562071871080222,0.16666666666666666,1,0.3562071871080222,0.16666666666666666
2773,dis,0,0.0,0.0,1,0.6309297535714575,0.5,1,0.6309297535714575,0.5,1,0.6309297535714575,0.5
2776,dis,0,0.0,0.0,1,0.43067655807339306,0.25,1,0.43067655807339306,0.25,1,0.43067655807339306,0.25
2783,dis,0,0.0,0.0,1,0.38685280723454163,0.2,1,0.38685280723454163,0.2,1,0.38685280723454163,0.2
2787,dis,0,0.0,0.0,0,0.0,0.0,0,0.0,0.0,1,0.27894294565112987,0.09090909090909091
2798,dis,0,0.0,0.0,0,0.0,0.0,1,0.31546487678572877,0.125,1,0.31546487678572877,0.125
2801,dis,0,0.0,0.0,0,0.0,0.0,1,0.31546487678572877,0.125,1,0.31546487678572877,0.125
2814,dis,0,0.0,0.0,0,0.0,0.0,0,0.0,0.0,1,0.2559580248098155,0.07142857142857142
2830,dis,0,0.0,0.0,0,0.0,0.0,1,0.3333333333333333,0.14285714285714285,1,0.3333333333333333,0.14285714285714285
2834,dis,0,0.0,0.0,1,0.38685280723454163,0.2,1,0.38685280723454163,0.2,1,0.38685280723454163,0.2
2836,dis,0,0.0,0.0,1,0.43067655807339306,0.25,1,0.43067655807339306,0.25,1,0.43067655807339306,0.25
2838,dis,0,0.0,0.0,1,0.43067655807339306,0.25,1,0.43067655807339306,0.25,1,0.43067655807339306,0.25
2843,dis,0,0.0,0.0,1,0.5,0.3333333333333333,1,0.5,0.3333333333333333,1,0.5,0.3333333333333333
2845,dis,0,0.0,0.0,1,0.5,0.3333333333333333,1,0.5,0.3333333333333333,1,0.5,0.3333333333333333
2846,dis,0,0.0,0.0,0,0.0,0.0,1,0.3333333333333333,0.14285714285714285,1,0.3333333333333333,0.14285714285714285
2847,dis,0,0.0,0.0,0,0.0,0.0,0,0.0,0.0,0,0.0,0.0
2859,dis,0,0.0,0.0,1,0.38685280723454163,0.2,1,0.38685280723454163,0.2,1,0.38685280723454163,0.2
2861,dis,0,0.0,0.0,0,0.0,0.0,1,0.2890648263178879,0.1,1,0.2890648263178879,0.1
2862,dis,0,0.0,0.0,0,0.0,0.0,0,0.0,0.0,1,0.26264953503719357,0.07692307692307693
2875,dis,0,0.0,0.0,1,0.6309297535714575,0.5,1,0.6309297535714575,0.5,1,0.6309297535714575,0.5
2876,dis,0,0.0,0.0,1,0.5,0.3333333333333333,1,0.5,0.3333333333333333,1,0.5,0.3333333333333333
2882,dis,0,0.0,0.0,0,0.0,0.0,1,0.31546487678572877,0.125,1,0.31546487678572877,0.125
2889,dis,0,0.0,0.0,0,0.0,0.0,0,0.0,0.0,0,0.0,0.0
2897,dis,0,0.0,0.0,0,0.0,0.0,1,0.3010299956639812,0.1111111111111111,1,0.3010299956639812,0.1111111111111111
2898,dis,0,0.0,0.0,0,0.0,0.0,1,0.3010299956639812,0.1111111111111111,1,0.3010299956639812,0.1111111111111111
2906,dis,0,0.0,0.0,0,0.0,0.0,1,0.3562071871080222,0.16666666666666666,1,0.3562071871080222,0.16666666666666666
2907,dis,0,0.0,0.0,0,0.0,0.0,0,0.0,0.0,0,0.0,0.0
2930,dis,0,0.0,0.0,1,0.43067655807339306,0.25,1,0.43067655807339306,0.25,1,0.43067655807339306,0.25
2935,dis,0,0.0,0.0,0,0.0,0.0,1,0.31546487678572877,0.125,1,0.31546487678572877,0.125
2941,dis,0,0.0,0.0,1,0.38685280723454163,0.2,1,0.38685280723454163,0.2,1,0.38685280723454163,0.2
2941,dis,0,0.0,0.0,1,0.5,0.3333333333333333,1,0.5,0.3333333333333333,1,0.5,0.3333333333333333
2942,dis,0,0.0,0.0,1,0.6309297535714575,0.5,1,0.6309297535714575,0.5,1,0.6309297535714575,0.5
2946,dis,0,0.0,0.0,0,0.0,0.0,0,0.0,0.0,0,0.0,0.0
2948,dis,0,0.0,0.0,0,0.0,0.0,0,0.0,0.0,1,0.227670248696953,0.05
2952,dis,0,0.0,0.0,1,0.38685280723454163,0.2,1,0.38685280723454163,0.2,1,0.38685280723454163,0.2
2952,dis,0,0.0,0.0,1,0.43067655807339306,0.25,1,0.43067655807339306,0.25,1,0.43067655807339306,0.25
2955,dis,0,0.0,0.0,0,0.0,0.0,1,0.3562071871080222,0.16666666666666666,1,0.3562071871080222,0.16666666666666666
2963,dis,0,0.0,0.0,1,0.43067655807339306,0.25,1,0.43067655807339306,0.25,1,0.43067655807339306,0.25
2966,dis,0,0.0,0.0,1,0.38685280723454163,0.2,1,0.38685280723454163,0.2,1,0.38685280723454163,0.2
2969,dis,0,0.0,0.0,1,0.6309297535714575,0.5,1,0.6309297535714575,0.5,1,0.6309297535714575,0.5
2970,dis,0,0.0,0.0,0,0.0,0.0,1,0.3562071871080222,0.16666666666666666,1,0.3562071871080222,0.16666666666666666
2973,dis,0,0.0,0.0,0,0.0,0.0,1,0.3010299956639812,0.1111111111111111,1,0.3010299956639812,0.1111111111111111
2976,dis,0,0.0,0.0,0,0.0,0.0,0,0.0,0.0,0,0.0,0.0
2977,dis,0,0.0,0.0,0,0.0,0.0,0,0.0,0.0,1,0.27894294565112987,0.09090909090909091
2982,dis,0,0.0,0.0,1,0.43067655807339306,0.25,1,0.43067655807339306,0.25,1,0.43067655807339306,0.25
2990,dis,0,0.0,0.0,1,0.38685280723454163,0.2,1,0.38685280723454163,0.2,1,0.38685280723454163,0.2
3004,dis,0,0.0,0.0,1,0.6309297535714575,0.5,1,0.6309297535714575,0.5,1,0.6309297535714575,0.5
3004,dis,0,0.0,0.0,1,0.5,0.3333333333333333,1,0.5,0.3333333333333333,1,0.5,0.3333333333333333
3006,dis,0,0.0,0.0,0,0.0,0.0,0,0.0,0.0,0,0.0,0.0
3006,dis,0,0.0,0.0,0,0.0,0.0,0,0.0,0.0,0,0.0,0.0
3007,dis,0,0.0,0.0,0,0.0,0.0,0,0.0,0.0,0,0.0,0.0
3008,dis,1,1.0,1.0,1,1.0,1.0,1,1.0,1.0,1,1.0,1.0
3009,dis,0,0.0,0.0,1,0.38685280723454163,0.2,1,0.38685280723454163,0.2,1,0.38685280723454163,0.2
3009,dis,0,0.0,0.0,0,0.0,0.0,1,0.3562071871080222,0.16666666666666666,1,0.3562071871080222,0.16666666666666666
3011,dis,0,0.0,0.0,0,0.0,0.0,1,0.3333333333333333,0.14285714285714285,1,0.3333333333333333,0.14285714285714285
3014,dis,0,0.0,0.0,1,0.38685280723454163,0.2,1,0.38685280723454163,0.2,1,0.38685280723454163,0.2
3015,dis,0,0.0,0.0,1,0.43067655807339306,0.25,1,0.43067655807339306,0.25,1,0.43067655807339306,0.25
3018,dis,0,0.0,0.0,0,0.0,0.0,0,0.0,0.0,0,0.0,0.0
3027,dis,0,0.0,0.0,0,0.0,0.0,0,0.0,0.0,0,0.0,0.0
3031,dis,0,0.0,0.0,1,0.6309297535714575,0.5,1,0.6309297535714575,0.5,1,0.6309297535714575,0.5
3031,dis,0,0.0,0.0,1,0.38685280723454163,0.2,1,0.38685280723454163,0.2,1,0.38685280723454163,0.2
3036,dis,1,1.0,1.0,1,1.0,1.0,1,1.0,1.0,1,1.0,1.0
3036,dis,0,0.0,0.0,1,0.6309297535714575,0.5,1,0.6309297535714575,0.5,1,0.6309297535714575,0.5
3038,dis,0,0.0,0.0,1,0.5,0.3333333333333333,1,0.5,0.3333333333333333,1,0.5,0.3333333333333333
3039,dis,0,0.0,0.0,1,0.38685280723454163,0.2,1,0.38685280723454163,0.2,1,0.38685280723454163,0.2
3041,dis,0,0.0,0.0,0,0.0,0.0,1,0.31546487678572877,0.125,1,0.31546487678572877,0.125
3041,dis,0,0.0,0.0,0,0.0,0.0,1,0.3333333333333333,0.14285714285714285,1,0.3333333333333333,0.14285714285714285
3042,dis,0,0.0,0.0,0,0.0,0.0,0,0.0,0.0,0,0.0,0.0
3043,dis,0,0.0,0.0,0,0.0,0.0,0,0.0,0.0,0,0.0,0.0
3048,dis,0,0.0,0.0,1,0.43067655807339306,0.25,1,0.43067655807339306,0.25,1,0.43067655807339306,0.25
3050,dis,1,1.0,1.0,1,1.0,1.0,1,1.0,1.0,1,1.0,1.0
3051,dis,0,0.0,0.0,1,0.43067655807339306,0.25,1,0.43067655807339306,0.25,1,0.43067655807339306,0.25
3052,dis,0,0.0,0.0,1,0.38685280723454163,0.2,1,0.38685280723454163,0.2,1,0.38685280723454163,0.2
3059,dis,0,0.0,0.0,0,0.0,0.0,0,0.0,0.0,0,0.0,0.0
3059,dis,0,0.0,0.0,0,0.0,0.0,0,0.0,0.0,0,0.0,0.0
3060,dis,0,0.0,0.0,1,0.5,0.3333333333333333,1,0.5,0.3333333333333333,1,0.5,0.3333333333333333
3066,dis,0,0.0,0.0,0,0.0,0.0,0,0.0,0.0,0,0.0,0.0
3069,dis,0,0.0,0.0,1,0.5,0.3333333333333333,1,0.5,0.3333333333333333,1,0.5,0.3333333333333333
3072,dis,0,0.0,0.0,1,0.43067655807339306,0.25,1,0.43067655807339306,0.25,1,0.43067655807339306,0.25
3087,dis,0,0.0,0.0,0,0.0,0.0,0,0.0,0.0,0,0.0,0.0
3095,dis,0,0.0,0.0,1,0.43067655807339306,0.25,1,0.43067655807339306,0.25,1,0.43067655807339306,0.25
3095,dis,0,0.0,0.0,1,0.38685280723454163,0.2,1,0.38685280723454163,0.2,1,0.38685280723454163,0.2
3142,dis,0,0.0,0.0,0,0.0,0.0,0,0.0,0.0,0,0.0,0.0
3150,dis,0,0.0,0.0,1,0.6309297535714575,0.5,1,0.6309297535714575,0.5,1,0.6309297535714575,0.5
3156,dis,0,0.0,0.0,0,0.0,0.0,1,0.3010299956639812,0.1111111111111111,1,0.3010299956639812,0.1111111111111111
3158,dis,0,0.0,0.0,0,0.0,0.0,1,0.3562071871080222,0.16666666666666666,1,0.3562071871080222,0.16666666666666666
3163,dis,0,0.0,0.0,1,0.6309297535714575,0.5,1,0.6309297535714575,0.5,1,0.6309297535714575,0.5
3177,dis,0,0.0,0.0,0,0.0,0.0,1,0.3333333333333333,0.14285714285714285,1,0.3333333333333333,0.14285714285714285
3178,dis,0,0.0,0.0,0,0.0,0.0,1,0.3333333333333333,0.14285714285714285,1,0.3333333333333333,0.14285714285714285
3188,dis,0,0.0,0.0,1,0.43067655807339306,0.25,1,0.43067655807339306,0.25,1,0.43067655807339306,0.25
3202,dis,0,0.0,0.0,1,0.6309297535714575,0.5,1,0.6309297535714575,0.5,1,0.6309297535714575,0.5
3206,dis,0,0.0,0.0,0,0.0,0.0,1,0.3333333333333333,0.14285714285714285,1,0.3333333333333333,0.14285714285714285
3214,dis,0,0.0,0.0,0,0.0,0.0,1,0.3562071871080222,0.16666666666666666,1,0.3562071871080222,0.16666666666666666
3215,dis,0,0.0,0.0,0,0.0,0.0,1,0.3562071871080222,0.16666666666666666,1,0.3562071871080222,0.16666666666666666
3217,dis,0,0.0,0.0,1,0.38685280723454163,0.2,1,0.38685280723454163,0.2,1,0.38685280723454163,0.2
3218,dis,1,1.0,1.0,1,1.0,1.0,1,1.0,1.0,1,1.0,1.0
3220,dis,0,0.0,0.0,0,0.0,0.0,1,0.3010299956639812,0.1111111111111111,1,0.3010299956639812,0.1111111111111111
3221,dis,0,0.0,0.0,0,0.0,0.0,0,0.0,0.0,1,0.27894294565112987,0.09090909090909091
3222,dis,0,0.0,0.0,0,0.0,0.0,0,0.0,0.0,1,0.27894294565112987,0.09090909090909091
3239,dis,0,0.0,0.0,1,0.5,0.3333333333333333,1,0.5,0.3333333333333333,1,0.5,0.3333333333333333
3271,dis,0,0.0,0.0,0,0.0,0.0,1,0.3333333333333333,0.14285714285714285,1,0.3333333333333333,0.14285714285714285
3272,dis,0,0.0,0.0,1,0.38685280723454163,0.2,1,0.38685280723454163,0.2,1,0.38685280723454163,0.2
3273,dis,0,0.0,0.0,0,0.0,0.0,1,0.31546487678572877,0.125,1,0.31546487678572877,0.125
3280,dis,0,0.0,0.0,0,0.0,0.0,1,0.3010299956639812,0.1111111111111111,1,0.3010299956639812,0.1111111111111111
3299,dis,0,0.0,0.0,0,0.0,0.0,0,0.0,0.0,0,0.0,0.0
3301,dis,0,0.0,0.0,1,0.43067655807339306,0.25,1,0.43067655807339306,0.25,1,0.43067655807339306,0.25
3305,dis,0,0.0,0.0,0,0.0,0.0,1,0.31546487678572877,0.125,1,0.31546487678572877,0.125
3305,dis,0,0.0,0.0,0,0.0,0.0,1,0.31546487678572877,0.125,1,0.31546487678572877,0.125
3306,dis,0,0.0,0.0,1,0.38685280723454163,0.2,1,0.38685280723454163,0.2,1,0.38685280723454163,0.2
3310,dis,0,0.0,0.0,0,0.0,0.0,1,0.3562071871080222,0.16666666666666666,1,0.3562071871080222,0.16666666666666666
3316,dis,0,0.0,0.0,1,0.6309297535714575,0.5,1,0.6309297535714575,0.5,1,0.6309297535714575,0.5
3328,dis,0,0.0,0.0,0,0.0,0.0,0,0.0,0.0,0,0.0,0.0
3328,dis,0,0.0,0.0,0,0.0,0.0,1,0.31546487678572877,0.125,1,0.31546487678572877,0.125
3333,dis,0,0.0,0.0,1,0.38685280723454163,0.2,1,0.38685280723454163,0.2,1,0.38685280723454163,0.2
3340,dis,0,0.0,0.0,1,0.38685280723454163,0.2,1,0.38685280723454163,0.2,1,0.38685280723454163,0.2
3343,dis,0,0.0,0.0,0,0.0,0.0,1,0.3333333333333333,0.14285714285714285,1,0.3333333333333333,0.14285714285714285
3367,dis,0,0.0,0.0,1,0.38685280723454163,0.2,1,0.38685280723454163,0.2,1,0.38685280723454163,0.2
3367,dis,0,0.0,0.0,1,0.5,0.3333333333333333,1,0.5,0.3333333333333333,1,0.5,0.3333333333333333
3412,dis,0,0.0,0.0,0,0.0,0.0,0,0.0,0.0,0,0.0,0.0
3419,dis,0,0.0,0.0,0,0.0,0.0,0,0.0,0.0,0,0.0,0.0
3423,dis,0,0.0,0.0,1,0.43067655807339306,0.25,1,0.43067655807339306,0.25,1,0.43067655807339306,0.25
3440,dis,0,0.0,0.0,1,0.43067655807339306,0.25,1,0.43067655807339306,0.25,1,0.43067655807339306,0.25
3440,dis,0,0.0,0.0,0,0.0,0.0,0,0.0,0.0,0,0.0,0.0
3461,dis,0,0.0,0.0,1,0.6309297535714575,0.5,1,0.6309297535714575,0.5,1,0.6309297535714575,0.5
3465,dis,0,0.0,0.0,1,0.38685280723454163,0.2,1,0.38685280723454163,0.2,1,0.38685280723454163,0.2
3512,dis,0,0.0,0.0,0,0.0,0.0,0,0.0,0.0,0,0.0,0.0
